{
  "pools": [
    {
      "rolls": {
        "type": "minecraft:uniform",
        "min": 5,
        "max": 9
      },
      "bonus_rolls": 1,
      "entries": [
        {
          "type": "minecraft:item",
          "weight": 5,
          "quality": 1,
          "name": "minecraft:glow_berries"
        },
        {
          "type": "minecraft:item",
          "weight": 8,
          "quality": 1,
          "name": "minecraft:beetroot"
        },
        {
          "type": "minecraft:item",
          "weight": 7,
          "quality": 1,
          "name": "minecraft:beetroot_seeds"
        },
        {
          "type": "minecraft:item",
          "weight": 6,
          "quality": 1,
          "name": "minecraft:sweet_berries"
        },
        {
          "type": "minecraft:item",
          "weight": 5,
          "quality": 1,
          "name": "minecraft:rabbit_stew"
        },
        {
          "type": "minecraft:item",
          "weight": 5,
          "quality": 1,
          "name": "minecraft:cooked_rabbit"
        },
        {
          "type": "minecraft:item",
          "weight": 7,
          "quality": 1,
          "name": "minecraft:baked_potato"
        },
        {
          "type": "minecraft:item",
          "weight": 7,
          "quality": 1,
          "name": "minecraft:potato"
        },
        {
          "type": "minecraft:item",
          "weight": 4,
          "quality": 1,
          "name": "minecraft:pumpkin_pie"
        },
        {
          "type": "minecraft:item",
          "weight": 6,
          "quality": 1,
          "name": "minecraft:fern",
          "functions": [
            {
              "function": "minecraft:set_count",
              "count": {
                "type": "minecraft:uniform",
                "min": 1,
                "max": 4
              }
            }
          ]
        },
        {
          "type": "minecraft:item",
          "weight": 6,
          "quality": 1,
          "name": "minecraft:grass",
          "functions": [
            {
              "function": "minecraft:set_count",
              "count": {
                "type": "minecraft:uniform",
                "min": 1,
                "max": 5
              }
            }
          ]
        },
        {
          "type": "minecraft:item",
          "weight": 4,
          "quality": 1,
          "name": "minecraft:carrot"
        },
        {
          "type": "minecraft:item",
          "weight": 5,
          "quality": 1,
          "name": "minecraft:dried_kelp"
        },
        {
          "type": "minecraft:item",
          "weight": 3,
          "quality": 1,
          "name": "minecraft:moss_block"
        },
        {
          "type": "minecraft:item",
          "weight": 3,
          "quality": 1,
          "name": "minecraft:hanging_roots"
        }
      ]
    }
  ]
}
