{
  "pools": [
    {
      "rolls": 1,
      "entries": [
        {
          "type": "minecraft:item",
          "weight": 5,
          "quality": 1,
          "name": "minecraft:map",
          "functions": [
            {
              "function": "minecraft:exploration_map",
              "destination": "worldgen_1617:fortress",
              "decoration": "banner_red",
              "zoom": 3,
              "search_radius": 50,
              "skip_existing_chunks": false
            },
            {
              "function": "minecraft:set_name",
              "name": "old burnt map"
            },
            {
              "function": "minecraft:set_nbt",
              "tag": "{display:{MapColor:7816704}}"
            }
          ]
        },
        {
          "type": "minecraft:item",
          "weight": 5,
          "quality": 1,
          "name": "minecraft:map",
          "functions": [
            {
              "function": "minecraft:exploration_map",
              "destination": "worldgen_1617:bastion_remnant",
              "decoration": "banner_black",
              "zoom": 3,
              "search_radius": 50,
              "skip_existing_chunks": false
            },
            {
              "function": "minecraft:set_name",
              "name": "old burnt map"
            },
            {
              "function": "minecraft:set_nbt",
              "tag": "{display:{MapColor:7816704}}"
            }
          ]
        }
      ]
    }
  ]
}
