{
  "name": "worldgen_1617:elder_c/overworld/magic_freature",
  "fallback": "minecraft:empty",
  "elements": [
    {
      "weight": 5,
      "element": {
        "location": "worldgen_1617:elder_c/overworld/magic_freature_1",
        "processors": "minecraft:empty",
        "projection": "rigid",
        "element_type": "minecraft:single_pool_element"
      }
    },{
      "weight": 5,
      "element": {
        "location": "worldgen_1617:elder_c/overworld/magic_freature_2",
        "processors": "minecraft:empty",
        "projection": "rigid",
        "element_type": "minecraft:single_pool_element"
      }
    },{
      "weight": 5,
      "element": {
        "location": "worldgen_1617:elder_c/overworld/magic_freature_3",
        "processors": "minecraft:empty",
        "projection": "rigid",
        "element_type": "minecraft:single_pool_element"
      }
    },{
      "weight": 5,
      "element": {
        "location": "worldgen_1617:elder_c/overworld/magic_freature_4",
        "processors": "minecraft:empty",
        "projection": "rigid",
        "element_type": "minecraft:single_pool_element"
      }
    },{
      "weight": 5,
      "element": {
        "location": "worldgen_1617:elder_c/overworld/magic_freature_5",
        "processors": "minecraft:empty",
        "projection": "rigid",
        "element_type": "minecraft:single_pool_element"
      }
    },{
      "weight": 5,
      "element": {
        "location": "worldgen_1617:elder_c/overworld/magic_freature_6",
        "processors": "minecraft:empty",
        "projection": "rigid",
        "element_type": "minecraft:single_pool_element"
      }
    }
  ]
}
