{
  "name": "worldgen_1617:littlehouse/littlehouse_forest",
  "fallback": "minecraft:empty",
  "elements": [
    {
      "weight": 9,
      "element": {
        "location": "worldgen_1617:house/littlehouse_forest_1",
        "processors": "minecraft:empty",
        "projection": "rigid",
        "element_type": "minecraft:single_pool_element"
      }
    },
    {
      "weight": 9,
      "element": {
        "location": "worldgen_1617:house/littlehouse_oakbirch_1",
        "processors": "minecraft:empty",
        "projection": "rigid",
        "element_type": "minecraft:single_pool_element"
      }
    },
    {
      "weight": 9,
      "element": {
        "location": "worldgen_1617:house/littlehouse_oakbirch_2",
        "processors": "minecraft:empty",
        "projection": "rigid",
        "element_type": "minecraft:single_pool_element"
      }
    },
    {
      "weight": 9,
      "element": {
        "location": "worldgen_1617:house/littlehouse_oakbirch_3",
        "processors": "minecraft:empty",
        "projection": "rigid",
        "element_type": "minecraft:single_pool_element"
      }
    },
    {
      "weight": 9,
      "element": {
        "location": "worldgen_1617:house/littlehouse_oakbirch_4",
        "processors": "minecraft:empty",
        "projection": "rigid",
        "element_type": "minecraft:single_pool_element"
      }
    },
    {
      "weight": 9,
      "element": {
        "location": "worldgen_1617:house/littlehouse_oakbirch_5",
        "processors": "minecraft:empty",
        "projection": "rigid",
        "element_type": "minecraft:single_pool_element"
      }
    },
    {
      "weight": 9,
      "element": {
        "location": "worldgen_1617:house/littlehouse_oakbirch_6",
        "processors": "minecraft:empty",
        "projection": "rigid",
        "element_type": "minecraft:single_pool_element"
      }
    }
  ]
}
