{
  "name": "worldgen_1617:desert_house",
  "fallback": "minecraft:empty",
  "elements": [
    {
      "weight": 5,
      "element": {
        "location": "worldgen_1617:swarp_freature/swarp_freature_1",
        "processors": "minecraft:empty",
        "projection": "rigid",
        "element_type": "minecraft:single_pool_element"
      }
    },
    {
      "weight": 5,
      "element": {
        "location": "worldgen_1617:swarp_freature/swarp_freature_2",
        "processors": "minecraft:empty",
        "projection": "rigid",
        "element_type": "minecraft:single_pool_element"
      }
    },
    {
      "weight": 5,
      "element": {
        "location": "worldgen_1617:swarp_freature/swarp_freature_3",
        "processors": "minecraft:empty",
        "projection": "rigid",
        "element_type": "minecraft:single_pool_element"
      }
    },{
      "weight": 5,
      "element": {
        "location": "worldgen_1617:swarp_freature/swarp_freature_4",
        "processors": "minecraft:empty",
        "projection": "rigid",
        "element_type": "minecraft:single_pool_element"
      }
    },{
      "weight": 5,
      "element": {
        "location": "worldgen_1617:swarp_freature/swarp_freature_5",
        "processors": "minecraft:empty",
        "projection": "rigid",
        "element_type": "minecraft:single_pool_element"
      }
    },{
      "weight": 5,
      "element": {
        "location": "worldgen_1617:swarp_freature/swarp_freature_6",
        "processors": "minecraft:empty",
        "projection": "rigid",
        "element_type": "minecraft:single_pool_element"
      }
    },{
      "weight": 5,
      "element": {
        "location": "worldgen_1617:swarp_freature/swarp_freature_7",
        "processors": "minecraft:empty",
        "projection": "rigid",
        "element_type": "minecraft:single_pool_element"
      }
    },{
      "weight": 5,
      "element": {
        "location": "worldgen_1617:swarp_freature/swarp_freature_1",
        "processors": "minecraft:empty",
        "projection": "rigid",
        "element_type": "minecraft:single_pool_element"
      }
    },{
      "weight": 5,
      "element": {
        "location": "worldgen_1617:swarp_freature/swarp_freature_8",
        "processors": "minecraft:empty",
        "projection": "rigid",
        "element_type": "minecraft:single_pool_element"
      }
    },{
      "weight": 5,
      "element": {
        "location": "worldgen_1617:swarp_freature/swarp_freature_9",
        "processors": "minecraft:empty",
        "projection": "rigid",
        "element_type": "minecraft:single_pool_element"
      }
    },{
      "weight": 5,
      "element": {
        "location": "worldgen_1617:swarp_freature/swarp_freature_10",
        "processors": "minecraft:empty",
        "projection": "rigid",
        "element_type": "minecraft:single_pool_element"
      }
    },{
      "weight": 5,
      "element": {
        "location": "worldgen_1617:swarp_freature/swarp_freature_11",
        "processors": "minecraft:empty",
        "projection": "rigid",
        "element_type": "minecraft:single_pool_element"
      }
    },{
      "weight": 5,
      "element": {
        "location": "worldgen_1617:swarp_freature/swarp_freature_12",
        "processors": "minecraft:empty",
        "projection": "rigid",
        "element_type": "minecraft:single_pool_element"
      }
    },{
      "weight": 5,
      "element": {
        "location": "worldgen_1617:swarp_freature/swarp_freature_13",
        "processors": "minecraft:empty",
        "projection": "rigid",
        "element_type": "minecraft:single_pool_element"
      }
    },{
      "weight": 5,
      "element": {
        "location": "worldgen_1617:swarp_freature/swarp_freature_14",
        "processors": "minecraft:empty",
        "projection": "rigid",
        "element_type": "minecraft:single_pool_element"
      }
    },{
      "weight": 5,
      "element": {
        "location": "worldgen_1617:swarp_freature/swarp_freature_15",
        "processors": "minecraft:empty",
        "projection": "rigid",
        "element_type": "minecraft:single_pool_element"
      }
    },{
      "weight": 5,
      "element": {
        "location": "worldgen_1617:swarp_freature/swarp_freature_20",
        "processors": "minecraft:empty",
        "projection": "rigid",
        "element_type": "minecraft:single_pool_element"
      }
    }
  ]
}
