{
  "name": "worldgen_1617:tower/tower_plainbirchtaiga",
  "fallback": "minecraft:empty",
  "elements": [
    {
      "weight": 10,
      "element": {
        "location": "worldgen_1617:tower/tower_plainbirchtaiga_1",
        "processors": "minecraft:empty",
        "projection": "rigid",
        "element_type": "minecraft:single_pool_element"
      }
    },
    {
      "weight": 10,
      "element": {
        "location": "worldgen_1617:tower/tower_plainbirchtaiga_2",
        "processors": "minecraft:empty",
        "projection": "rigid",
        "element_type": "minecraft:single_pool_element"
      }
    },
    {
      "weight": 10,
      "element": {
        "location": "worldgen_1617:tower/tower_plainbirchtaiga_3",
        "processors": "minecraft:empty",
        "projection": "rigid",
        "element_type": "minecraft:single_pool_element"
      }
    },
    {
      "weight": 10,
      "element": {
        "location": "worldgen_1617:tower/tower_plainbirchtaiga_4",
        "processors": "minecraft:empty",
        "projection": "rigid",
        "element_type": "minecraft:single_pool_element"
      }
    },
    {
      "weight": 10,
      "element": {
        "location": "worldgen_1617:tower/tower_plainbirchtaiga_5",
        "processors": "minecraft:empty",
        "projection": "rigid",
        "element_type": "minecraft:single_pool_element"
      }
    }
  ]
}
