{
  "name": "worldgen_1617:aqueduc",
  "fallback": "minecraft:empty",
  "elements": [
    {
      "weight": 5,
      "element": {
        "location": "worldgen_1617:wall/wall_tower_1",
        "processors": "minecraft:empty",
        "projection": "rigid",
        "element_type": "minecraft:single_pool_element"
      }
    },
    {
      "weight": 20,
      "element": {
        "location": "worldgen_1617:wall/wall_tower_2",
        "processors": "minecraft:empty",
        "projection": "terrain_matching",
        "element_type": "minecraft:single_pool_element"
      }
    },
    {
      "weight": 5,
      "element": {
        "location": "worldgen_1617:wall/wall_tower_3",
        "processors": "minecraft:empty",
        "projection": "rigid",
        "element_type": "minecraft:single_pool_element"
      }
    },
    {
      "weight": 5,
      "element": {
        "location": "worldgen_1617:wall/wall_tower_5",
        "processors": "minecraft:empty",
        "projection": "rigid",
        "element_type": "minecraft:single_pool_element"
      }
    }
  ]
}
