{
    "processors": [
      {
        "processor_type": "minecraft:rule",
        "rules": [
          {
            "location_predicate": {
              "predicate_type": "minecraft:always_true"
            },
            "input_predicate": {
              "predicate_type": "minecraft:random_block_match",
              "block": "minecraft:coarse_dirt",
              "probability": 0.3
            },
            "output_state": {
              "Name": "minecraft:andesite_slab",
              "Properties": {
                "type": "bottom",
                "waterlogged": "true"
              }
            }
          },
          {
            "location_predicate": {
              "predicate_type": "minecraft:always_true"
            },
            "input_predicate": {
              "predicate_type": "minecraft:random_block_match",
              "block": "minecraft:coarse_dirt",
              "probability": 0.2
            },
            "output_state": {
              "Name": "minecraft:cobblestone"
            }
          },
          {
            "location_predicate": {
              "predicate_type": "minecraft:always_true"
            },
            "input_predicate": {
              "predicate_type": "minecraft:random_block_match",
              "block": "minecraft:coarse_dirt",
              "probability": 0.2
            },
            "output_state": {
              "Name": "minecraft:gravel"
            }
          },
          {
            "location_predicate": {
              "predicate_type": "minecraft:always_true"
            },
            "input_predicate": {
              "predicate_type": "minecraft:random_block_match",
              "block": "minecraft:coarse_dirt",
              "probability": 0.2
            },
            "output_state": {
              "Name": "minecraft:grass_block"
            }
          }
        ]
      }
    ]
  }
  