{
    "processors": [
      {
        "processor_type": "minecraft:rule",
        "rules": [
          {
            "location_predicate": {
              "predicate_type": "minecraft:always_true"
            },
            "input_predicate": {
              "predicate_type": "minecraft:random_blockstate_match",
              "block_state": {
                "Name": "minecraft:skeleton_skull",
                "Properties": {
                  "rotation": "0"
                }
              },
              "probability": 0.03
            },
            "output_state": {
              "Name": "minecraft:wither_skeleton_skull",
              "Properties": {
                "rotation": "0"
              }
            }
          },
          {
            "location_predicate": {
              "predicate_type": "minecraft:always_true"
            },
            "input_predicate": {
              "predicate_type": "minecraft:random_blockstate_match",
              "block_state": {
                "Name": "minecraft:skeleton_skull",
                "Properties": {
                  "rotation": "1"
                }
              },
              "probability": 0.03
            },
            "output_state": {
              "Name": "minecraft:wither_skeleton_skull",
              "Properties": {
                "rotation": "1"
              }
            }
          },
          {
            "location_predicate": {
              "predicate_type": "minecraft:always_true"
            },
            "input_predicate": {
              "predicate_type": "minecraft:random_blockstate_match",
              "block_state": {
                "Name": "minecraft:skeleton_skull",
                "Properties": {
                  "rotation": "2"
                }
              },
              "probability": 0.03
            },
            "output_state": {
              "Name": "minecraft:wither_skeleton_skull",
              "Properties": {
                "rotation": "2"
              }
            }
          },{
            "location_predicate": {
              "predicate_type": "minecraft:always_true"
            },
            "input_predicate": {
              "predicate_type": "minecraft:random_blockstate_match",
              "block_state": {
                "Name": "minecraft:skeleton_skull",
                "Properties": {
                  "rotation": "3"
                }
              },
              "probability": 0.03
            },
            "output_state": {
              "Name": "minecraft:wither_skeleton_skull",
              "Properties": {
                "rotation": "3"
              }
            }
          },{
            "location_predicate": {
              "predicate_type": "minecraft:always_true"
            },
            "input_predicate": {
              "predicate_type": "minecraft:random_blockstate_match",
              "block_state": {
                "Name": "minecraft:skeleton_skull",
                "Properties": {
                  "rotation": "4"
                }
              },
              "probability": 0.03
            },
            "output_state": {
              "Name": "minecraft:wither_skeleton_skull",
              "Properties": {
                "rotation": "4"
              }
            }
          },{
            "location_predicate": {
              "predicate_type": "minecraft:always_true"
            },
            "input_predicate": {
              "predicate_type": "minecraft:random_blockstate_match",
              "block_state": {
                "Name": "minecraft:skeleton_skull",
                "Properties": {
                  "rotation": "5"
                }
              },
              "probability": 0.03
            },
            "output_state": {
              "Name": "minecraft:wither_skeleton_skull",
              "Properties": {
                "rotation": "5"
              }
            }
          },{
            "location_predicate": {
              "predicate_type": "minecraft:always_true"
            },
            "input_predicate": {
              "predicate_type": "minecraft:random_blockstate_match",
              "block_state": {
                "Name": "minecraft:skeleton_skull",
                "Properties": {
                  "rotation": "6"
                }
              },
              "probability": 0.03
            },
            "output_state": {
              "Name": "minecraft:wither_skeleton_skull",
              "Properties": {
                "rotation": "6"
              }
            }
          },{
            "location_predicate": {
              "predicate_type": "minecraft:always_true"
            },
            "input_predicate": {
              "predicate_type": "minecraft:random_blockstate_match",
              "block_state": {
                "Name": "minecraft:skeleton_skull",
                "Properties": {
                  "rotation": "7"
                }
              },
              "probability": 0.03
            },
            "output_state": {
              "Name": "minecraft:wither_skeleton_skull",
              "Properties": {
                "rotation": "7"
              }
            }
          },{
            "location_predicate": {
              "predicate_type": "minecraft:always_true"
            },
            "input_predicate": {
              "predicate_type": "minecraft:random_blockstate_match",
              "block_state": {
                "Name": "minecraft:skeleton_skull",
                "Properties": {
                  "rotation": "8"
                }
              },
              "probability": 0.03
            },
            "output_state": {
              "Name": "minecraft:wither_skeleton_skull",
              "Properties": {
                "rotation": "8"
              }
            }
          },{
            "location_predicate": {
              "predicate_type": "minecraft:always_true"
            },
            "input_predicate": {
              "predicate_type": "minecraft:random_blockstate_match",
              "block_state": {
                "Name": "minecraft:skeleton_skull",
                "Properties": {
                  "rotation": "9"
                }
              },
              "probability": 0.03
            },
            "output_state": {
              "Name": "minecraft:wither_skeleton_skull",
              "Properties": {
                "rotation": "9"
              }
            }
          },{
            "location_predicate": {
              "predicate_type": "minecraft:always_true"
            },
            "input_predicate": {
              "predicate_type": "minecraft:random_blockstate_match",
              "block_state": {
                "Name": "minecraft:skeleton_skull",
                "Properties": {
                  "rotation": "10"
                }
              },
              "probability": 0.03
            },
            "output_state": {
              "Name": "minecraft:wither_skeleton_skull",
              "Properties": {
                "rotation": "10"
              }
            }
          },{
            "location_predicate": {
              "predicate_type": "minecraft:always_true"
            },
            "input_predicate": {
              "predicate_type": "minecraft:random_blockstate_match",
              "block_state": {
                "Name": "minecraft:skeleton_skull",
                "Properties": {
                  "rotation": "11"
                }
              },
              "probability": 0.03
            },
            "output_state": {
              "Name": "minecraft:wither_skeleton_skull",
              "Properties": {
                "rotation": "11"
              }
            }
          },{
            "location_predicate": {
              "predicate_type": "minecraft:always_true"
            },
            "input_predicate": {
              "predicate_type": "minecraft:random_blockstate_match",
              "block_state": {
                "Name": "minecraft:skeleton_skull",
                "Properties": {
                  "rotation": "12"
                }
              },
              "probability": 0.03
            },
            "output_state": {
              "Name": "minecraft:wither_skeleton_skull",
              "Properties": {
                "rotation": "12"
              }
            }
          },{
            "location_predicate": {
              "predicate_type": "minecraft:always_true"
            },
            "input_predicate": {
              "predicate_type": "minecraft:random_blockstate_match",
              "block_state": {
                "Name": "minecraft:skeleton_skull",
                "Properties": {
                  "rotation": "13"
                }
              },
              "probability": 0.03
            },
            "output_state": {
              "Name": "minecraft:wither_skeleton_skull",
              "Properties": {
                "rotation": "13"
              }
            }
          },{
            "location_predicate": {
              "predicate_type": "minecraft:always_true"
            },
            "input_predicate": {
              "predicate_type": "minecraft:random_blockstate_match",
              "block_state": {
                "Name": "minecraft:skeleton_skull",
                "Properties": {
                  "rotation": "14"
                }
              },
              "probability": 0.03
            },
            "output_state": {
              "Name": "minecraft:wither_skeleton_skull",
              "Properties": {
                "rotation": "14"
              }
            }
          },{
            "location_predicate": {
              "predicate_type": "minecraft:always_true"
            },
            "input_predicate": {
              "predicate_type": "minecraft:random_blockstate_match",
              "block_state": {
                "Name": "minecraft:skeleton_skull",
                "Properties": {
                  "rotation": "15"
                }
              },
              "probability": 0.03
            },
            "output_state": {
              "Name": "minecraft:wither_skeleton_skull",
              "Properties": {
                "rotation": "15"
              }
            }
          }
        ]
      }
    ]
  }
  