{
  "pools": [
    {
      "rolls": {
        "min": 5,
        "max": 10
      },
      "bonus_rolls": {
        "min": 0,
        "max": 1
      },
      "entries": [
        {
          "type": "minecraft:item",
          "weight": 2,
          "quality": 1,
          "name": "minecraft:gold_ingot"
        },
        {
          "type": "minecraft:item",
          "weight": 5,
          "quality": 1,
          "name": "minecraft:iron_nugget"
        },
        {
          "type": "minecraft:item",
          "weight": 3,
          "quality": 1,
          "name": "minecraft:iron_sword",
          "functions": [
            {
              "function": "minecraft:set_enchantments",
              "enchantments": {
                "minecraft:bane_of_arthropods": 1,
                "minecraft:fire_aspect": 1
              },
              "add": false,
              "conditions": [
                {
                  "condition": "minecraft:random_chance",
                  "chance": 0.7
                }
              ]
            }
          ]
        },
        {
          "type": "minecraft:item",
          "weight": 7,
          "quality": 1,
          "name": "minecraft:carrot"
        },
        {
          "type": "minecraft:item",
          "weight": 8,
          "quality": 1,
          "name": "minecraft:potato"
        },
        {
          "type": "minecraft:item",
          "weight": 6,
          "quality": 1,
          "name": "minecraft:rotten_flesh"
        },
        {
          "type": "minecraft:item",
          "weight": 1,
          "quality": 1,
          "name": "minecraft:diamond"
        },
        {
          "type": "minecraft:item",
          "weight": 3,
          "quality": 1,
          "name": "minecraft:gravel"
        },
        {
          "type": "minecraft:item",
          "weight": 4,
          "quality": 1,
          "name": "minecraft:wheat_seeds"
        },
        {
          "type": "minecraft:item",
          "weight": 4,
          "quality": 1,
          "name": "minecraft:experience_bottle"
        }
      ]
    }
  ]
}
