{
  "pools": [
    {
      "rolls": {
        "min": 6,
        "max": 12
      },
      "bonus_rolls": {
        "min": 0,
        "max": 2
      },
      "entries": [
        {
          "type": "minecraft:item",
          "weight": 3,
          "quality": 1,
          "name": "minecraft:golden_apple"
        },
        {
          "type": "minecraft:item",
          "weight": 4,
          "quality": 1,
          "name": "minecraft:gold_ingot"
        },
        {
          "type": "minecraft:item",
          "weight": 6,
          "quality": 1,
          "name": "minecraft:amethyst_shard"
        },
        {
          "type": "minecraft:item",
          "weight": 4,
          "quality": 2,
          "name": "minecraft:tipped_arrow",
          "functions": [
            {
              "function": "minecraft:set_nbt",
              "tag": "{Potion:\"minecraft:strong_harming\"}"
            }
          ]
        },
        {
          "type": "minecraft:item",
          "weight": 6,
          "quality": 1,
          "name": "minecraft:emerald"
        },
        {
          "type": "minecraft:item",
          "weight": 4,
          "quality": 1,
          "name": "minecraft:golden_horse_armor"
        },
        {
          "type": "minecraft:item",
          "weight": 4,
          "quality": 1,
          "name": "minecraft:leather_horse_armor",
          "functions": [
            {
              "function": "minecraft:set_nbt",
              "tag": "{display:{color:16701501}}"
            }
          ]
        },
        {
          "type": "minecraft:item",
          "weight": 7,
          "quality": 1,
          "name": "minecraft:raw_gold"
        },
        {
          "type": "minecraft:item",
          "weight": 1,
          "quality": 1,
          "name": "minecraft:blaze_rod"
        }
      ]
    }
  ]
}
